<?xml version="1.0" encoding="UTF-8"?>
<project-private xmlns="http://www.netbeans.org/ns/project-private/1">
    <editor-bookmarks xmlns="http://www.netbeans.org/ns/editor-bookmarks/2" lastBookmarkId="0"/>
    <open-files xmlns="http://www.netbeans.org/ns/projectui-open-files/2">
        <group>
            <file>file:/C:/Users/Lenovo/OneDrive/Documents/PEMVIS%20DAN%20PRAKTIKUM/CODINGAN%20PEMVIS/ProjekAkhir/src/projekakhir/koneksi.java</file>
            <file>file:/C:/Users/Lenovo/OneDrive/Documents/PEMVIS%20DAN%20PRAKTIKUM/CODINGAN%20PEMVIS/ProjekAkhir/src/projekakhir/User.java</file>
            <file>file:/C:/Users/Lenovo/OneDrive/Documents/PEMVIS%20DAN%20PRAKTIKUM/CODINGAN%20PEMVIS/ProjekAkhir/src/projekakhir/login.java</file>
            <file>file:/C:/Users/Lenovo/OneDrive/Documents/PEMVIS%20DAN%20PRAKTIKUM/CODINGAN%20PEMVIS/ProjekAkhir/src/projekakhir/beli.java</file>
            <file>file:/C:/Users/Lenovo/OneDrive/Documents/PEMVIS%20DAN%20PRAKTIKUM/CODINGAN%20PEMVIS/ProjekAkhir/src/projekakhir/ProjekAkhir.java</file>
            <file>file:/C:/Users/Lenovo/OneDrive/Documents/PEMVIS%20DAN%20PRAKTIKUM/CODINGAN%20PEMVIS/ProjekAkhir/src/projekakhir/FrameUser.java</file>
            <file>file:/C:/Users/Lenovo/OneDrive/Documents/PEMVIS%20DAN%20PRAKTIKUM/CODINGAN%20PEMVIS/ProjekAkhir/src/projekakhir/Admin.java</file>
            <file>file:/C:/Users/Lenovo/OneDrive/Documents/PEMVIS%20DAN%20PRAKTIKUM/CODINGAN%20PEMVIS/ProjekAkhir/src/projekakhir/buat_akun.java</file>
        </group>
    </open-files>
</project-private>
